{"2.0": {"bleu": 0.22326553981235242, "ppl": 46.38138, "ppl_ref": 51.47893, "human_acc": 0.643, "model_acc": 0.465, "model_same_as_human_acc": 0.72}, "3.0": {"bleu": 0.2043030225217749, "ppl": 49.40527, "ppl_ref": 51.47893, "human_acc": 0.643, "model_acc": 0.575, "model_same_as_human_acc": 0.74}, "4.0": {"bleu": 0.1779685521325936, "ppl": 52.45843, "ppl_ref": 51.47893, "human_acc": 0.643, "model_acc": 0.702, "model_same_as_human_acc": 0.721}, "5.0": {"bleu": 0.15237309784060413, "ppl": 54.98866, "ppl_ref": 51.47893, "human_acc": 0.643, "model_acc": 0.786, "model_same_as_human_acc": 0.709}, "6.0": {"bleu": 0.12693801089676826, "ppl": 58.17267, "ppl_ref": 51.47893, "human_acc": 0.643, "model_acc": 0.847, "model_same_as_human_acc": 0.7}, "7.0": {"bleu": 0.10069385948928927, "ppl": 61.89974, "ppl_ref": 51.47893, "human_acc": 0.643, "model_acc": 0.887, "model_same_as_human_acc": 0.688}, "8.0": {"bleu": 0.08002194447614448, "ppl": 64.35263, "ppl_ref": 51.47893, "human_acc": 0.643, "model_acc": 0.914, "model_same_as_human_acc": 0.675}}