{"2.0": {"bleu": 0.17328914930986705, "ppl": 19.24435, "ppl_ref": 21.15143, "human_acc": 0.6816666666666666, "model_acc": 0.7116666666666667, "model_same_as_human_acc": 0.6533333333333333}, "3.0": {"bleu": 0.17276086390018047, "ppl": 19.1919, "ppl_ref": 21.15143, "human_acc": 0.6816666666666666, "model_acc": 0.7216666666666667, "model_same_as_human_acc": 0.6633333333333333}, "4.0": {"bleu": 0.17249121615737145, "ppl": 19.07342, "ppl_ref": 21.15143, "human_acc": 0.6816666666666666, "model_acc": 0.7216666666666667, "model_same_as_human_acc": 0.6666666666666666}, "5.0": {"bleu": 0.1718139274924179, "ppl": 18.9465, "ppl_ref": 21.15143, "human_acc": 0.6816666666666666, "model_acc": 0.73, "model_same_as_human_acc": 0.6716666666666666}, "6.0": {"bleu": 0.1726847638608461, "ppl": 18.99792, "ppl_ref": 21.15143, "human_acc": 0.6816666666666666, "model_acc": 0.73, "model_same_as_human_acc": 0.665}, "7.0": {"bleu": 0.17229175558255497, "ppl": 18.90468, "ppl_ref": 21.15143, "human_acc": 0.6816666666666666, "model_acc": 0.74, "model_same_as_human_acc": 0.6716666666666666}, "8.0": {"bleu": 0.17298358520212037, "ppl": 18.88195, "ppl_ref": 21.15143, "human_acc": 0.6816666666666666, "model_acc": 0.7383333333333333, "model_same_as_human_acc": 0.68}}