{"2.0": {"bleu": 0.1704810332880872, "ppl": 61.61183, "ppl_ref": 51.47893, "human_acc": 0.643, "model_acc": 0.707, "model_same_as_human_acc": 0.728}, "3.0": {"bleu": 0.12034846501465696, "ppl": 68.62802, "ppl_ref": 51.47893, "human_acc": 0.643, "model_acc": 0.848, "model_same_as_human_acc": 0.699}, "4.0": {"bleu": 0.07911617736706682, "ppl": 75.87958, "ppl_ref": 51.47893, "human_acc": 0.643, "model_acc": 0.921, "model_same_as_human_acc": 0.682}, "5.0": {"bleu": 0.054965075285279316, "ppl": 84.42414, "ppl_ref": 51.47893, "human_acc": 0.643, "model_acc": 0.956, "model_same_as_human_acc": 0.661}, "6.0": {"bleu": 0.04074168798589004, "ppl": 93.06282, "ppl_ref": 51.47893, "human_acc": 0.643, "model_acc": 0.968, "model_same_as_human_acc": 0.653}, "7.0": {"bleu": 0.029332938339687874, "ppl": 104.1601, "ppl_ref": 51.47893, "human_acc": 0.643, "model_acc": 0.974, "model_same_as_human_acc": 0.649}, "8.0": {"bleu": 0.020304113707101983, "ppl": 126.0859, "ppl_ref": 51.47893, "human_acc": 0.643, "model_acc": 0.98, "model_same_as_human_acc": 0.651}}