{"2.0": {"bleu": 0.19756768750924183, "ppl": 59.56712, "ppl_ref": 51.47893, "human_acc": 0.643, "model_acc": 0.571, "model_same_as_human_acc": 0.734}, "3.0": {"bleu": 0.16288131049277565, "ppl": 65.42736, "ppl_ref": 51.47893, "human_acc": 0.643, "model_acc": 0.723, "model_same_as_human_acc": 0.72}, "4.0": {"bleu": 0.1202002016011665, "ppl": 74.91323, "ppl_ref": 51.47893, "human_acc": 0.643, "model_acc": 0.83, "model_same_as_human_acc": 0.703}, "5.0": {"bleu": 0.0875602237180894, "ppl": 85.11256, "ppl_ref": 51.47893, "human_acc": 0.643, "model_acc": 0.88, "model_same_as_human_acc": 0.693}, "6.0": {"bleu": 0.06461474143894254, "ppl": 93.58393, "ppl_ref": 51.47893, "human_acc": 0.643, "model_acc": 0.921, "model_same_as_human_acc": 0.676}, "7.0": {"bleu": 0.05073018732498971, "ppl": 105.8845, "ppl_ref": 51.47893, "human_acc": 0.643, "model_acc": 0.941, "model_same_as_human_acc": 0.662}, "8.0": {"bleu": 0.04014990316240999, "ppl": 117.8417, "ppl_ref": 51.47893, "human_acc": 0.643, "model_acc": 0.961, "model_same_as_human_acc": 0.662}}