{"2.0": {"bleu": 0.09015326982311268, "ppl": 19.39102, "ppl_ref": 21.15143, "human_acc": 0.6816666666666666, "model_acc": 0.7133333333333334, "model_same_as_human_acc": 0.6383333333333333}, "3.0": {"bleu": 0.0897920354549623, "ppl": 19.24043, "ppl_ref": 21.15143, "human_acc": 0.6816666666666666, "model_acc": 0.7166666666666667, "model_same_as_human_acc": 0.625}, "4.0": {"bleu": 0.088004659217626, "ppl": 19.28276, "ppl_ref": 21.15143, "human_acc": 0.6816666666666666, "model_acc": 0.715, "model_same_as_human_acc": 0.64}, "5.0": {"bleu": 0.0875853591724004, "ppl": 18.85784, "ppl_ref": 21.15143, "human_acc": 0.6816666666666666, "model_acc": 0.71, "model_same_as_human_acc": 0.645}, "6.0": {"bleu": 0.08542818412874584, "ppl": 18.91112, "ppl_ref": 21.15143, "human_acc": 0.6816666666666666, "model_acc": 0.7233333333333334, "model_same_as_human_acc": 0.6583333333333333}, "7.0": {"bleu": 0.08387291926699939, "ppl": 18.85489, "ppl_ref": 21.15143, "human_acc": 0.6816666666666666, "model_acc": 0.71, "model_same_as_human_acc": 0.6516666666666666}, "8.0": {"bleu": 0.08306374627523896, "ppl": 18.85028, "ppl_ref": 21.15143, "human_acc": 0.6816666666666666, "model_acc": 0.7383333333333333, "model_same_as_human_acc": 0.67}}