{"2.0": {"bleu": 0.13113371233785415, "ppl": 42.475, "ppl_ref": 51.47893, "human_acc": 0.643, "model_acc": 0.403, "model_same_as_human_acc": 0.692}, "3.0": {"bleu": 0.1308803520926793, "ppl": 42.51169, "ppl_ref": 51.47893, "human_acc": 0.643, "model_acc": 0.421, "model_same_as_human_acc": 0.704}, "4.0": {"bleu": 0.13071746569412845, "ppl": 42.51183, "ppl_ref": 51.47893, "human_acc": 0.643, "model_acc": 0.438, "model_same_as_human_acc": 0.713}, "5.0": {"bleu": 0.13002324852846942, "ppl": 42.77372, "ppl_ref": 51.47893, "human_acc": 0.643, "model_acc": 0.444, "model_same_as_human_acc": 0.719}, "6.0": {"bleu": 0.12986105687827032, "ppl": 42.78682, "ppl_ref": 51.47893, "human_acc": 0.643, "model_acc": 0.446, "model_same_as_human_acc": 0.721}, "7.0": {"bleu": 0.1294968997590804, "ppl": 42.70386, "ppl_ref": 51.47893, "human_acc": 0.643, "model_acc": 0.447, "model_same_as_human_acc": 0.722}, "8.0": {"bleu": 0.12935173765820845, "ppl": 42.89357, "ppl_ref": 51.47893, "human_acc": 0.643, "model_acc": 0.449, "model_same_as_human_acc": 0.722}}