{"2.0": {"bleu": 0.2050116512373418, "ppl": 17.59104, "ppl_ref": 21.15143, "human_acc": 0.6816666666666666, "model_acc": 0.7433333333333333, "model_same_as_human_acc": 0.6583333333333333}, "3.0": {"bleu": 0.20655457387185766, "ppl": 17.63764, "ppl_ref": 21.15143, "human_acc": 0.6816666666666666, "model_acc": 0.7533333333333333, "model_same_as_human_acc": 0.6683333333333333}, "4.0": {"bleu": 0.20631784521062205, "ppl": 17.70563, "ppl_ref": 21.15143, "human_acc": 0.6816666666666666, "model_acc": 0.7633333333333333, "model_same_as_human_acc": 0.675}, "5.0": {"bleu": 0.20685752270018234, "ppl": 17.74859, "ppl_ref": 21.15143, "human_acc": 0.6816666666666666, "model_acc": 0.7583333333333333, "model_same_as_human_acc": 0.6733333333333333}, "6.0": {"bleu": 0.2063548261796181, "ppl": 17.65037, "ppl_ref": 21.15143, "human_acc": 0.6816666666666666, "model_acc": 0.76, "model_same_as_human_acc": 0.6816666666666666}, "7.0": {"bleu": 0.20641383371927227, "ppl": 17.6767, "ppl_ref": 21.15143, "human_acc": 0.6816666666666666, "model_acc": 0.7516666666666667, "model_same_as_human_acc": 0.6866666666666666}, "8.0": {"bleu": 0.2058025903231927, "ppl": 17.61457, "ppl_ref": 21.15143, "human_acc": 0.6816666666666666, "model_acc": 0.7566666666666667, "model_same_as_human_acc": 0.695}}