{"2.0": {"bleu": 0.19353041924760714, "ppl": 18.86787, "ppl_ref": 21.15143, "human_acc": 0.6816666666666666, "model_acc": 0.7033333333333334, "model_same_as_human_acc": 0.6483333333333333}, "3.0": {"bleu": 0.1929855859993937, "ppl": 18.9404, "ppl_ref": 21.15143, "human_acc": 0.6816666666666666, "model_acc": 0.7016666666666667, "model_same_as_human_acc": 0.6533333333333333}, "4.0": {"bleu": 0.19219705336418857, "ppl": 18.96899, "ppl_ref": 21.15143, "human_acc": 0.6816666666666666, "model_acc": 0.7, "model_same_as_human_acc": 0.655}, "5.0": {"bleu": 0.19128201640247317, "ppl": 18.90467, "ppl_ref": 21.15143, "human_acc": 0.6816666666666666, "model_acc": 0.7016666666666667, "model_same_as_human_acc": 0.65}, "6.0": {"bleu": 0.1911648876941397, "ppl": 18.84946, "ppl_ref": 21.15143, "human_acc": 0.6816666666666666, "model_acc": 0.7033333333333334, "model_same_as_human_acc": 0.645}, "7.0": {"bleu": 0.19304739167731827, "ppl": 18.91043, "ppl_ref": 21.15143, "human_acc": 0.6816666666666666, "model_acc": 0.7116666666666667, "model_same_as_human_acc": 0.6533333333333333}, "8.0": {"bleu": 0.19367821784542563, "ppl": 18.88891, "ppl_ref": 21.15143, "human_acc": 0.6816666666666666, "model_acc": 0.715, "model_same_as_human_acc": 0.66}}